sequence,xgboost_pred,lstm_pred
FMMVIKR,2.4401317,1.7918056
LGIAVKK,2.4930193,2.199403
AWWPAHK,2.6881506,1.7365764
VWVWPCK,2.4979765,3.7608552
WMFILKR,1.8691485,3.6183918
LWVGIHK,1.9992218,1.1939603
MWGIIRK,2.3101118,3.8962095
VGWVAKK,2.1841464,3.9973218
ALVWLKK,1.6385201,1.6704317
MGVFWKR,1.8595594,3.8961442
FWWMACR,2.3938706,1.9539882
ILVAAHH,3.065181,2.2562697
LLILVHH,2.688875,1.740101
IFLAAYH,3.2852266,2.0466905
IWWGPRY,2.4405744,2.077013
LMWMINR,3.0517397,3.8970535
WAIVWRK,1.5448705,0.8518959
AVIWLRC,2.5342824,1.5067744
LWVFIRN,2.4689398,2.3838313
PIIGIRR,2.596906,2.462798
IIWVFKS,3.0907242,2.1260202
PLVWLKK,2.332887,1.7539101
IVMVIHH,3.2147443,2.0264864
PVLWWSK,2.7555072,2.0917192
WFIVAKK,1.5656983,1.98041
PIFVVRR,2.6458015,2.0792542
IFVAGKK,2.0533721,3.8712754
WWIILHC,2.1761813,1.9072782
FLVVGRR,2.013609,3.9027188
IWWWFSK,2.4137487,1.8876144
GFWVVSK,2.4022565,3.6357667
PWWIITR,2.9957964,3.724935
WMPVFKR,2.4690049,3.5195577
WVFWIHH,2.450644,1.0789515
WVFMLQK,2.3621454,2.1933506
IMIMLRT,2.9843066,3.8964624
IALLWKS,2.8305542,1.166149
FAAFMRR,1.9861404,2.002903
MLVWMKR,2.2894452,3.897401
LWVVIHR,1.9288509,1.4067469
VLWWGKK,1.9521217,2.1437924
AIWAFCR,2.1229496,2.2910855
FWMWVCR,2.1562994,1.4172975
LLMVAKR,2.128749,3.75286
AAWLICK,2.3644083,1.4136496
WFVPWRK,1.998171,1.0724709
LIFFLQR,2.2733648,3.8982036
AVWAWHK,2.4924266,1.5379975
ILFLPKR,2.401955,1.2672766
PWWFAHH,2.752515,2.093621
WAGAIKT,2.89138,2.6628191
FLFFGHR,2.367507,2.4362698
WIPWFTK,2.8969622,2.170765
LWFIFTR,2.2529705,2.1124384
LWIMLCK,2.3150449,3.2258632
PMVWWRN,2.6737087,3.833233
FAGVIKH,2.2262084,2.4415178
VFWMPRR,2.2966328,1.5743138
MLIWWTH,2.93566,3.9234283
WLAALYH,3.2782793,2.186206
WMIWLCR,1.8457434,1.858464
AWMIGKR,2.2604573,1.9068794
MFGWFNK,2.635111,3.896168
WWIGGCR,2.4270947,2.3377922
WGAMWKR,2.0291393,2.021708
WWVFFNK,2.3443196,2.022937
IFFLLRH,1.8177786,1.4360602
AVMAWRH,2.7192965,2.07139
MIFFIKC,2.3821008,3.89629
FWIWLKR,1.429958,0.74375886
LWWIVRN,2.096336,3.253127
FWIAIHR,2.0195887,1.8411359
WWAAVKT,2.7973788,2.3164473
ALAILHC,2.998466,1.6590136
WLMFLKH,2.3344412,1.3850822
IWLAWRN,2.1005816,2.0839527
FIGVINR,2.6533701,3.8791592
FFMAMRK,2.3998768,1.685006
MAWFWRT,2.9725692,3.8961244
AFFWPHK,2.9448857,1.565204
IFAWWHC,2.837369,1.3945457
AFIFWTR,2.1864877,3.9041193
VVVAWCR,2.59638,3.9290645
AAAFLHR,2.1464915,1.8747575
AWWFVCR,1.9675623,1.7663699
LIFVFHK,1.9884773,1.5595237
WLGFLRS,2.4169528,2.4745157
MLWWGHY,2.729898,3.8967762
AGAILKK,2.02427,2.303259
GGWVVNR,2.330847,3.1858919
IMFLWQR,2.2385983,3.897589
FALWWTR,1.9944923,1.8663143
LWWWWNK,2.1349702,1.9510545
WALFAKC,2.5673585,2.4680471
AVVVWKH,2.652815,1.8319956
WVILVKT,2.9096112,1.6430576
IPMWGKR,2.383502,2.0485744
LLFILTK,2.469535,1.0698724
WGGVWKC,2.2097394,2.0266235
LVFIWRR,1.3976791,1.3963495
LMLVVKR,2.311391,2.521302
ILPFVCK,2.361981,1.9073795
VWPVFHK,2.4484234,1.8668119
AAIIIRK,1.9733679,1.7428609
GFWFFRT,2.4962351,3.911104
AIFIGCR,2.4547815,3.911879
AIIVAKH,2.493421,1.7375234
FILFVHK,2.083802,1.4175252
WMAAPRR,2.5319872,3.5346518
WWFWFRY,1.9834785,1.1699802
IALWPKK,2.5826755,1.0782868
FLGGIHH,3.4602852,2.342199
FVWWITK,2.021183,1.4436321
IFMLICH,3.2741416,3.1292045
FFIPVKN,3.115333,1.2025248
VWWILQR,1.8743736,1.5351214
GWAAIKK,2.0706508,1.6282638
GLLFFRR,2.043287,1.913783
AGLGLKR,2.1630268,3.3726163
FIVWMHK,2.7223144,1.6789807
GWLVGRR,1.8681535,1.9290065
VWIWPKS,3.092485,2.244287
IWVALKH,2.242986,1.3130208
LWVWWYK,1.7767292,0.6727401
IGIWPRR,2.2434103,2.0897253
WFALMHR,3.0125942,2.0737674
FFWFWRH,1.8260257,1.4165123
FAMWMRK,2.321,1.9428173
WPALLKS,2.4150004,1.9055294
GLWIIRY,2.551053,2.1778424
GIMWIKR,2.1060836,1.8543245
IGFLAKC,2.4196541,3.7141948
VWIAGRR,1.866145,1.9045042
FIMAFRR,2.1663446,1.934981
ILWIAKS,2.940861,1.4035871
AWMLWTK,3.1857164,1.5996236
ALWFWYK,1.9831719,1.890523
WIWFFSR,2.6884267,2.1566777
VLWWVCK,1.9321954,1.3502566
FIVAFKC,2.6314492,1.9980398
IWVLIRN,2.4239633,3.1016665
WVFLFNK,2.5135345,2.4967291
WILMFTK,3.0328014,3.863658
WLIMLNR,2.830616,3.9342597
FWAAWKT,2.1976054,1.8971823
AAWLGKK,2.1150296,2.011854
WLPLIKR,1.9789946,1.5567933
GWWVVQK,2.303527,2.4010313
PWVIWRN,2.7314677,3.8202817
LLWLPNK,2.809217,3.64328
LAVVGKK,2.1001468,3.9026172
IFPWICK,2.4920034,1.81135
AAVWLKS,2.4119153,1.516841
LWWMWTK,2.7446027,1.8498151
WFIWFHQ,2.033804,1.7701174
IAAWFNH,2.5728872,2.3905451
ILWIFHN,2.5854516,2.1634693
WILVIRT,2.2646685,2.0734658
GMFWGRK,2.3574913,2.342643
IFMVFCR,2.518901,3.7773657
LMVFARK,2.3680546,3.898836
GGFWWSK,2.423487,1.9837188
WFGGVCR,2.3524396,2.2565138
WIFWLNR,2.2750788,1.725109
IPWWVYR,2.758355,1.6570314
VLLLMHH,2.9418652,1.7865229
GFPMWKK,2.7943192,2.1260245
VWWWIRQ,2.2259,1.0888265
VPIVWRK,2.5152025,1.8124461
LMIVWCK,2.160937,2.8515546
VWWLPRS,2.9680562,1.6555387
GWWVGTK,2.3266459,2.2611935
IVVMWHR,3.006807,3.8980498
IMMFVRH,2.751649,3.07171
WWVMLKC,2.1670969,0.8443209
AIWWMKK,1.8412708,0.75035626
IAWAIHR,2.594228,1.4726008
VVMLIKK,2.2330372,1.6898507
WMAAMCK,3.325625,3.9626987
IWALVRC,2.126013,2.20807
FFWAGRN,2.2549052,3.7501147
AWIIWTK,2.8004336,1.6619667
LMIMAHH,3.0410619,3.6596828
PWWGVKY,2.8475158,3.8035834
FLMFIKC,2.436803,1.7560743
ILAAITK,1.9873195,2.1828907
WWFMIRN,2.6887941,1.7460815
PWFPVKK,2.8104744,1.7088157
FIPWWYR,2.2810585,1.8160917
FLFAFRK,1.7592037,1.5122795
LWMAVCK,2.8264713,3.847693
FVWAWCH,2.76823,2.6117032
WVPLFCK,2.3598478,3.8481488
LAILVRK,1.8962317,1.2797477
LAAPGKR,2.5792942,3.2966323
LLVWIRY,2.220997,3.738507
LVGIFRS,2.3837712,3.901638
AMLFWKK,2.0792487,3.8522794
FALFWRH,1.938769,1.3596357
IVWWIRC,2.0980403,1.2874318
WAPWVSR,2.9074056,3.2390044
FLWIVRK,1.6343994,0.9470686
GAIIWKR,2.0970268,1.6662778
ILGIFRC,2.842062,2.3895905
FVMVLRR,2.2421553,1.7827893
WIWFIHR,1.7759774,1.4797479
LFLILKH,1.8166949,1.0238508
VVWAIYK,2.7537754,3.1483266
AGFWGRK,2.1830983,3.361815
VMILMRH,2.60306,3.878509
VWFVWKK,1.5280626,0.7421568
LFVFIYH,2.9116273,3.8042624
ILWMGQK,3.0352418,3.6580982
AIWLVKN,2.72681,1.4507571
IWGLLKK,2.4058685,2.2849753
LFWFWNH,2.17945,1.88685
FWMLVRT,2.8512921,3.5543497
AWFIVRT,2.8226178,3.7708256
FAAWLCH,2.5393488,1.8553245
GMWLPKK,2.5422065,2.0059054
VAFFVHK,2.5725372,3.7648215
WAAMAKC,2.6918924,3.1135032
VILMACK,2.9404337,3.8969293
LGIVGKR,2.1526632,2.4014688
WGVWMKH,2.919011,0.6630666
LWPIVNK,2.9411895,2.3752115
MIFIMKQ,2.8006077,3.8961384
WFPGITK,2.7929556,3.3423424
FGFFLRR,1.9889079,2.1700788
FVWVLYR,2.1162565,3.2753801
IAWIFKS,2.5725384,1.9999005
IVPGFYK,2.914723,3.8964014
AWFAAHH,3.049167,1.8827962
MAIIVHR,3.0340192,3.8964088
MMVWFRK,2.0820484,3.8963673
IIVWWKK,1.5882821,0.6733271
GGIWWKR,1.748454,1.4808458
FWPPWCR,2.3826728,2.1211612
WIVFVTK,2.7990346,1.8665236
WWAILNR,2.1058166,2.1905959
MWIAVKK,2.2620437,3.8970563
IFWIAKY,2.141265,1.0956687
WVGFLRN,2.286129,3.1819067
WPVLGRR,2.4162107,3.6003401
LFWWFKS,2.2819653,1.0194956
WIGWISH,3.3323865,2.49998
LGWWFSH,3.087758,2.2162125
GLLAAHK,1.9925926,1.5003442
WWAVWKK,1.4541317,1.2308589
PGWWLYH,2.8184247,2.1859114
LILWAHT,3.3527215,2.7167523
IGFWVRY,2.4027398,2.0617542
WFIWFTK,2.2538576,0.85222065
IWWWIHC,1.9350516,1.5629426
FVGIWKN,2.3430715,1.6107557
LPAMWKT,2.8046734,3.8625247
LFWWARK,1.554358,0.6403749
LGWWLKQ,2.031313,1.38822
LFMWMRC,2.7994554,2.1345263
WMIWFKQ,2.1704597,3.7469127
WPVWIHK,2.371862,2.0201633
WWGAWKR,1.5937995,1.9483718
VPGFIHK,2.728518,3.0820253
IMMWWHH,2.4792411,2.1584094
FFVFLRC,2.1524282,1.383442
AWLLFKY,2.1674597,1.9014984
WLAVFRC,1.9868044,2.0804036
LWFFLRC,1.8859669,1.1450653
FGGWAKN,2.5017865,3.8028343
GLVGAHK,2.4676595,3.640075
LLLWFRY,1.766926,2.149013
WFGLFRQ,2.484135,2.799863
WIVVWQH,2.5819268,2.9672878
IPAWGKY,2.7065103,2.481651
VIFVFKK,1.5456984,3.2236881
FWLVAHR,1.9179171,1.1758021
VWILWKH,1.8462257,1.339537
WAAFVYR,2.6746507,3.8565161
IWFGWRS,2.1931934,1.8693202
MWLILNK,2.636812,3.896714
FIAAMCH,3.5351517,3.9237216
IIFFWHC,2.3342476,1.9200486
VIMIMRK,2.4253185,3.9328592
GLVLGHK,2.3770225,3.6901937
LMMIWRC,2.9221742,3.5591898
VMWLITR,3.323571,3.6252458
WFIFFRC,1.8382044,1.3398302
IAVFVCH,3.0148294,3.9022317
GLFPWRK,2.6256192,1.9706062
PWWWGNR,2.5635543,3.5194616
WVAFLKH,2.2328055,1.5122118
IPLAVKC,2.7756863,2.1436863
MMWVIRH,2.7620478,3.898653
FFWFACH,2.4989128,2.492193
IFPLIHR,2.7269297,2.454486
FWGGFRK,1.9089799,1.6994135
LMWLWRN,2.7291749,3.4306126
WWAVGRN,2.3622348,2.679003
GFWLPHK,2.7800012,1.8408343
IWIFVYK,2.2497294,2.373446
FAVAICK,2.790408,3.89877
LWLAIYH,3.135619,1.5496641
LFFAIRK,1.8490355,2.0064504
LFLLIHY,2.558881,1.1760783
WIGLLKT,2.466915,2.2389977
WVVFVRR,1.3820629,1.6153966
WWIWIHT,2.9968572,1.7157024
WLVIMRR,1.8835077,2.1867468
VFWFMRT,2.6476438,3.9145656
FLWIFYR,1.8350816,1.3934666
LAWWLHK,1.7230849,1.4009547
FIAWLRQ,2.4960482,2.0788078
WWVIWHT,2.402935,1.8341254
WAALVHC,2.8682282,2.91669
ALALFCH,3.007101,3.6367996
WGAAAKK,2.0134177,2.4695795
ILIFWKQ,2.093888,1.7695718
MAVWWHC,2.7243714,3.9007
ILLVARC,2.2322137,3.9489634
AFWLVTR,2.227274,1.5414629
GWWFFNK,2.0704322,2.2484233
IMMWLRC,2.9223533,3.8811915
WGGWVRC,2.1907532,2.2714708
MMMAAHH,3.1511445,3.8961442
LLVWMKH,2.6513927,1.6957585
WWLLAKK,1.3077506,1.4857169
IGWWWKK,1.8497663,1.0110477
WLALLCH,2.593409,2.8428938
MLIVLHR,2.6102426,3.8973312
LIMMFRK,2.3782413,3.7870398
VIPWFKN,2.576263,2.3682392
WPMWFKT,2.6464772,3.37621
LFAIVKC,2.786717,2.8264701
WVWWFRK,1.4379593,0.86972994
WWPMIYR,2.6207445,3.6652935
VFWGLKT,2.653635,1.6976912
MPWLVRK,2.4125547,2.0104172
MFWPFRR,2.4797833,3.8985786
GWILLRR,1.9990815,1.3637604
VVAALKR,1.8322197,3.8620913
MVVWFCK,2.342314,3.896826
FLWWIKK,1.4283627,0.6106545
LLWVGNK,1.9364275,3.799372
LAMIACH,3.4100928,3.896884
AWFAMKC,2.8044255,3.8389204
ILMAWRT,2.9021924,3.905184
WAVMLKC,2.8593166,1.7117728
VMLVFKK,2.0613284,3.7187831
ALAAWKC,2.7261503,1.7027305
IPVMWKR,2.763108,2.2023668
LLWLGKS,2.635225,2.487531
FIPWLNK,2.9862134,1.4422411
VLWIVRY,2.2967474,1.7168283
WGLWVNR,2.442604,2.2081091
FMLGLKR,2.4373963,1.111147
MWFVIKC,2.3839345,3.9279907
FAFVLRT,2.5374134,3.9124281
LFLIAKN,2.297044,0.9003942
WVILVNR,2.445009,1.9750975
LGILIKC,2.5668662,1.6037874
WIIFLKS,2.8343077,2.2300456
WLMFFHH,2.5131054,1.8936273
FGIWLRC,2.4927912,1.6087593
WWMALKT,2.893828,2.2868216
MWMFLKR,2.2076576,3.8963668
PILIVHK,2.8234153,1.4387149
WLALICK,2.39972,2.0131514
MWIVWHH,2.5927472,3.6831982
LWAMIKR,1.980553,1.6278627
FFIVFRR,1.4319932,0.8747944
WGFMLKK,2.3460066,1.8469121
MMLLIRK,2.272916,3.8962967
WIAFINK,2.8746612,3.966316
MFWWGKC,2.1675267,3.9026597
LWAGAKH,2.2862372,2.305843
MFGPWKK,2.4682097,3.897947
LMFILCH,3.0804243,3.8543665
GWWLFHK,1.7808046,1.1744102
WIMMVKH,2.9811652,2.0170548
VLIFIKC,2.2736099,1.7736901
IIFAAKC,2.8741343,2.8962224
FWAIWRR,1.2668386,0.97370744
VLALVKH,2.471978,2.6637025
LVFIAKR,1.4689573,2.0748374
FILWMRR,1.8465856,1.7872212
PFFVLHK,2.8869789,1.5475286
GIWFFNH,3.1523762,2.7040985
WFVLMKK,2.0194514,0.8155184
LPGLFKS,2.6750064,2.7691014
IWIIFKS,3.054339,2.3840888
ALWWLRC,2.0796773,1.6084073
LWWLINR,2.0299063,1.9584268
IFVWINR,2.475833,2.3643801
VIILIYK,2.5374088,2.6678362
VWVIINR,2.639463,3.8597577
WAPLWKR,2.0597873,1.272097
FFLGGHK,2.680651,2.2661479
FMWVARC,2.331315,3.8527875
WPVWWKC,1.905695,1.7440661
LGLWARH,2.5858846,1.4961103
ALWLVTH,3.338322,3.7598898
GGVWWKT,2.360185,2.0193584
IAWWMRT,2.3544102,2.059157
FIVVFRR,1.6141766,2.0444214
VWIWPKH,2.6946228,1.2069389
VPGLIKK,2.4097886,2.2918642
WILLLYK,1.6471924,2.1060524
WPMIGKY,2.8725755,3.8758743
MLLMIHK,2.3890443,3.9030495
FMLFFCR,2.2274733,1.2595687
WPPWPKK,2.6578898,2.1394818
LFLLWNR,2.2688794,1.1820942
AWALIRK,1.8667393,1.6685656
LVLLICK,2.103792,2.1512148
PWWLGCR,2.354661,1.678509
MFAWWQK,2.2883775,3.8961232
LWMFWTR,2.94511,3.8847733
VFPIWHR,2.7748845,3.0168955
AAWWMTK,2.9638288,2.4266856
VLLVIRR,1.6335442,1.8848659
LIWWACH,2.1961386,3.8223965
FVIIVNR,2.604078,1.9392399
LILIIKQ,2.2554018,1.7879397
LWWLPRQ,2.9573472,1.9758729
WWFLMHR,2.424372,1.068123
LWLAVCR,2.6873984,1.8007604
FLAGLRH,2.5780978,2.310562
FVWAVCR,2.6591644,2.2280962
IIWWFKN,2.299284,1.5987494
LLLIIHR,1.7848142,2.2108002
FAWFIRK,1.5936638,1.2195655
AWLWIKK,1.6399219,1.3520823
WWWWFHH,2.3385782,1.6164795
IFVFFRH,1.724951,2.035247
WMLFLKC,2.114959,2.2971423
FVMIGRR,2.3917775,1.9937915
AMFWIKH,3.1270092,1.8518227
VVLVATR,2.4344897,3.8934479
MWMLIRK,2.2573159,3.8965685
LFWGIKH,2.4483297,1.1755358
IFPMWHK,2.7388682,2.4176395
GPWMAKR,2.6820853,3.9242122
ALVAIRC,2.9179554,3.7556987
LWWWFCK,1.6399039,1.5953847
LLWWVHC,2.10975,1.0909945
IIPGWKK,2.4056964,2.2996786
FWWLAHN,2.579182,1.2673675
IAVVFCH,2.960435,3.9014087
LLMIVRR,1.9155636,1.969422
VFFVFHT,3.3478308,3.8627264
WVWAIHK,2.1313653,0.49365005
GFWPWCK,2.3602014,1.8904109
FAIWLHR,2.3649542,1.1609269
IIMMWCR,2.9953694,3.4419975
GWWALNH,2.4540455,2.2910454
WAGALKN,2.3204114,2.6212344
FIAAWKK,1.6153588,1.9151307
LMPGFHR,2.5334723,3.8962398
PPFLLRK,2.8724859,1.446612
WLLAVYK,2.4577696,3.2063115
VLWLVSR,2.4801672,1.538495
FAWVIRC,2.3742816,1.6722564
FLILPRH,2.870395,2.0824995
PWFFVNK,2.9288707,3.892413
VVIVIKQ,2.3343976,3.4193833
LAMFFRK,2.2647474,3.5434763
AFILVHH,3.2461317,1.6479629
AWFIGNK,2.3639095,3.9035826
WIVIWRC,2.0481164,1.6112366
ILWIGKR,1.7288201,1.5066503
AWWGGKK,2.0918396,1.960776
MAMLARR,2.440099,3.8961833
IFFIFCH,2.4048867,2.381799
PWWLVSK,2.9322498,1.7872726
LIFAVRK,2.1451423,2.426432
WGMFWCK,2.7332065,1.7140371
ALLIFRK,1.6601384,1.47533
VFFALRR,1.5499891,2.535094
WWFVVYH,2.43832,2.6346347
GLIGWHR,2.7044458,2.632446
MFPWFCK,2.8222623,3.8961384
IWWGMHC,2.9563093,2.183501
LAFAFRT,2.4537594,3.8635337
AAIWVKK,1.7150947,1.49005
FILIMKC,2.5315592,1.7784106
AVWVLQK,2.1745517,3.8939335
IMGIWRK,2.101743,3.9069548
WFFIIHQ,2.178229,1.5680132
WIALPRR,2.3117406,2.2728674
FLLLLRC,2.038488,1.7250825
MVGWFKK,2.0797908,3.8972683
FIIFIKQ,2.4336789,2.1450496
IALLLRT,2.2376037,3.838298
AWILWNR,2.581172,1.3439137
AVIAAHH,3.0824172,2.4446747
LLILLRR,1.4748424,1.422757
FFMLFTH,3.3656259,1.8807297
WAWLLRK,1.3766136,0.9699024
FIVFAKR,1.7197691,3.228069
GWMAAHK,2.6503806,1.9500352
VFLMIHK,2.3647327,1.1865662
VFILVTH,3.4824831,3.9903553
IWWLGYK,1.9097713,1.5100902
IWFWFQH,1.9645491,2.1503553
VWIGGRH,2.3184907,2.0507858
VWGVWRY,2.4005775,0.92228067
IGWWPKC,2.469257,1.9258245
LAAFARH,2.2705321,2.2623403
ALVVFRH,2.0138717,2.1284523
LMWLIKC,2.3807998,1.62107
GMWFAKK,2.4056787,2.2763271
WMGGVKC,3.316165,3.9022229
VIWGPHK,3.0453389,2.2210212
ILLAARH,1.9624121,1.7400355
MWWFLHH,2.3540242,3.6817935
FIWWVKY,1.9851251,0.92748404
IWWLIHH,2.36069,1.143582
IGLVWRR,2.172313,2.0356162
AAVWMRR,1.9141859,1.8988281
IIMLARC,2.5261505,3.9080136
VFVGLRK,2.0352135,2.4279096
FPPWLYR,2.4879498,3.9293196
IIWPGKR,2.3830285,1.5933967
MMVAIRH,2.7860737,3.896387
GFALWNK,2.5392547,2.2493613
LLFFAKQ,2.1272871,3.8905892
IILAFTH,3.5687125,3.376284
FVWILTH,3.478551,1.93142
WLILMKY,2.6270607,1.6068386
ILWWMKS,3.1489928,1.9490103
FVAVWKY,2.4940424,2.4541616
FIAIWKY,2.478683,1.516033
PIPVVRR,2.9033265,2.0615041
FPLIGRR,2.5589292,2.052947
WWGWGRH,2.514953,1.6139754
FWWPWRT,2.8949623,1.5979568
WVLFFKR,1.430408,0.93788874
WVFWGKS,2.71793,1.8568107
LVFLLKR,1.3918344,1.0816935
MFIAFHH,3.4151664,3.8966439
LWFGINR,2.2181094,3.8564188
IPVFWRC,2.5410953,1.8118019
FWILLNR,2.1814225,1.6400167
FFWWICH,1.8967072,1.2887696
FPGVVRK,2.5902202,2.1632829
IIWVVRH,2.2635863,1.9749016
LLFFWKN,2.1241734,1.611372
VFAAIHC,3.016318,1.9123135
VFWWLCH,2.036563,0.99338543
LAIILRK,1.9794203,1.6909524
LMVWVKK,2.2117875,2.6306229
WPAGVRR,2.4741595,2.181081
AWMVFRR,1.6763005,3.7118504
PGWFLHR,2.6794646,2.1207445
LVLWMCR,2.540919,3.732861
PWWGGKR,2.4387474,2.0531065
AWFFVKY,2.5066772,3.8726513
VVFVWRY,2.2781544,2.1909726
VIWWLKC,1.9661955,1.0197695
IGVLGRR,2.2330573,3.3778791
AAVLMKC,2.7758,1.8839513
VIFFMHH,2.9833112,1.8298695
IFWLVKR,1.469909,1.0658137
FVFFMCR,2.4332712,1.6804004
VWAAGRR,2.078966,2.132294
LIFVACR,2.6609864,3.8935876
WIWVIRN,2.3255906,2.162374
FAFWMRR,1.9670129,1.789399
ILAGVCK,2.731752,3.6279933
LFLLMRH,2.5142326,1.8732871
MLPGLCK,3.015553,3.8961241
WMWVLKC,2.2450812,1.7865307
FVILGRH,2.3823493,1.4962147
VWWGAHK,2.3065636,1.9113106
IVALIRK,1.8580055,2.1920767
FLVWAYK,2.636137,1.5345874
VWMVWHH,2.6796124,1.8404496
FAWGGRK,2.1756501,2.603883
MMPMWKK,2.4130726,3.8962123
GFWVFCR,2.2319143,2.1490586
FLAVARK,1.8682467,3.9004128
ILAAFHH,3.040866,1.6402124
WLVLWSR,2.6878362,1.8751434
FIIVWRY,2.4315171,1.4024247
GWWLLKT,1.9032791,1.5583829
AVIVMRR,2.3422697,3.7143576
MPFWLKR,2.1153817,2.0091681
LMFFFKR,1.8731601,3.8970788
LAAGWKR,2.0114303,2.1665819
MIAWVHR,2.7163541,3.896443
WLVVMKC,2.49476,1.9455491
FGAILKR,1.9567103,2.104749
AILWISR,2.582182,1.5242876
WGVFFRH,2.3541145,1.7633984
GIWAVKC,2.512745,1.890268
IWVLGRR,1.9758601,1.6902937
IWLWASK,2.7603443,2.044662
FLAIFHK,2.2306025,1.365472
LVFVWNR,2.480041,3.9339159
WGWFGKN,2.3159544,2.5642374
FFILVKC,2.2918642,1.0393159
LWVIWHN,2.6043835,2.1053329
LWVPGKK,2.6301496,3.9553888
VVVGVKR,2.2046802,3.8939126
FAAMFCK,2.7572172,3.9057925
FMLMFHY,2.839888,3.8494198
VIIVWRC,2.399897,1.8970999
IPGLVKR,2.7912667,2.3312008
WIVALTK,2.6720202,3.0310757
GGMWARK,2.4535968,2.2854574
ALLWLTK,2.216412,1.5812923
LFWIWRT,2.3207788,1.0832069
FWVWGHK,2.5738764,1.0970418
VLLMMRR,2.210399,3.2813752
LIWFGRQ,2.4267306,2.6715295
VIIILQR,2.387152,2.628451
FFMWWNR,2.5281997,1.407916
LGWFWKK,1.9009199,1.1336349
FLALWKY,2.2396264,2.1682212
LLFLICK,2.1524563,1.2485824
IIVWWKY,2.1139507,2.0253308
VWWMLRN,2.8304863,1.8100833
AFFIWRK,1.5267428,1.6960789
AVLAVTR,2.5045326,3.955877
LWFFVCK,1.9436138,1.5522187
MWIWWKR,1.8945076,3.905721
FGWWASR,2.5128791,2.2012146
LLFFVKC,2.2143188,1.3865684
FIALWSK,2.4167325,1.4611633
VIAVLKK,1.7578319,3.785091
FVIWVHK,2.2698295,1.3454531
LVMLLHH,2.844055,1.6474711
LLWWVHH,2.3418765,1.6538881
LLVIVKK,1.6253192,2.5094206
FFWGGNR,2.3715572,3.255565
WWWALTH,2.7306516,2.0908926
VLLFVRN,2.4477596,3.9066994
IWMVWNK,2.7059917,2.6601832
WFMLICH,3.0110455,1.8568503
MAAFWHC,2.9177525,3.902555
IFVLIHQ,2.5771406,2.1017787
VLWWIHR,1.5877235,1.6019493
MLAFIKR,2.1209917,3.8964274
WAAALHC,2.7697418,2.2270775
AFMLWRH,2.6473792,1.711826
LAMFWKK,1.8679955,2.632349
VVWGGRY,2.3203402,3.9183714
LIGLWNK,2.3818686,2.2720444
WMAAIYR,3.0295296,3.8015692
LWVWWHK,1.6585014,1.3538843
LWWMPRR,2.342241,1.9160267
AWGVWRC,2.4921923,2.0102232
IVFMIRK,2.1129658,2.4110894
IGFPWKK,2.6643689,2.014818
PWFWWRK,2.3344824,1.8380193
FLLLFYR,1.8225913,1.4092618
LWMILTH,3.2973874,3.7329595
IAMPLKS,2.9579608,1.8375628
IMWWMRN,2.9914484,3.8961987
WFLLIQH,2.1342995,2.5568259
WAGIVRC,2.2159095,2.2322998
WWWIPKC,2.152084,1.523282
FILVIHY,2.9634013,1.5517477
GLLALHR,2.3583093,2.1248147
LPWVFKC,2.5076156,1.5628155
VIGLWCK,2.2385185,1.8643472
AMMALHH,3.0366862,3.9269702
WVAMWTH,2.986828,3.911114
FWPAIKK,2.1332405,1.5910403
LFFFWCK,1.772227,0.7778343
ALIMVRH,2.886724,1.5732027
AILWWKC,2.1151671,0.99041665
ILFIFHN,2.6512058,2.5220215
IVALWTK,2.3116157,2.1274254
IWIWFHK,1.8895597,0.9807836
VFVIIQR,2.5436876,2.692773
AIWIGKS,2.554485,1.6936201
VFVFMRR,2.0261521,2.1302812
VGWMARK,2.5129855,2.15588
IWPLIKR,2.0731878,1.1450889
LVMFIKK,2.224137,3.916266
AGIILKH,2.426893,1.6111783
VIIFLRR,1.8169018,1.9226817
IWFMWRN,2.794201,3.9067905
IWFGLKN,2.246709,2.2785785
FAGMLRK,2.6965797,2.3670633
GWFFWRY,2.5303009,2.0710533
GAWVGRK,2.2025855,1.7422022
PPWFFHR,2.579178,2.3480895
ILFMIQR,2.7359056,2.1806357
WAIWVQK,2.2642791,2.9160514
LIMAACK,2.833841,3.8977673
MWWGFQK,2.4747615,3.8961203
ALVAWYK,2.6070547,3.8633564
MWWAMYH,2.6237013,3.8970912
FAAFLKC,2.4118512,1.8964728
ILVWLNR,2.276263,1.8135526
WLIVWQH,2.3777876,2.562935
IWWAPHC,3.050602,2.241931
IFVPMKH,2.9149456,2.6361103
WIPWIRH,2.6536622,2.1897
VFWGGKN,2.235105,3.8453
LIAWFKC,2.4026077,1.1128334
ILFWFHY,2.4097211,0.5386802
IWFWVTH,2.9202275,1.9322857
WGWPIKK,2.6590657,1.7811829
AMWWLQK,2.108924,3.8563547
VFWAINR,2.1905067,3.9002843
FMLWMKH,2.5822213,2.0389946
VWIFIKK,1.7431579,1.1885489
VLAWARC,2.4166567,3.9584596
WWPMITK,2.7893558,2.1787617
WVVLIRK,1.7560471,1.3562644
VWIGIRC,3.0806124,3.025246
AFIVICR,2.2096143,1.6612691
ILGMIRR,2.6467917,2.496354
AWPFWCR,2.5034435,3.8969793
MVWWFNK,2.3445866,3.8964458
PWWMFRK,2.469512,2.8081067
LILWGKC,2.6868882,2.055862
WIWAFRS,2.5708864,1.9077119
AIIVFKR,1.7595117,2.7101367
FWVIFRC,1.9333246,1.0279422
IILGVRH,2.465244,2.3759196
LAMLVKK,2.409572,3.2502325
VMWFFRC,2.1910517,3.8971827
LWWFGTR,2.3274894,2.4011424
LPWIIKY,3.0136778,3.7666838
IGGFFRK,2.1909416,2.68239
VIVFAHC,3.0286713,3.8964047
FIVIFQR,2.3241653,3.9075613
IWWWGRK,1.7045065,0.85190314
WIVWFHR,1.9616437,0.8895904
GGWIVRH,2.3899527,1.6452616
WIFVGHR,2.4386232,2.1940663
WVFGLKY,2.8088057,3.42376
WFVWMHT,3.0620217,1.8780944
WMMVIRC,3.1484816,3.6565185
IWGAWQR,2.548417,2.235429
WPAMWHC,3.077984,3.2485168
VWIFGRC,2.4548135,2.2071128
FIFIVRC,2.4268146,1.8396081
IFIMLKQ,2.497722,2.4513793
WIFMIHR,2.366951,2.4865687
WLVWFCR,1.7287675,1.0618243
LLWVAKC,2.4849179,3.6698754
AFLLINK,2.1687617,2.607703
IGGFIKY,2.4361305,2.1758235
LMWLARR,1.9149846,2.689786
AAWLATR,2.3128955,3.7386155
IGGVWKH,2.18892,2.1024287
VALIICR,2.7225132,2.6304572
WFGVICR,2.3355613,1.9617594
ILVFACR,2.7061434,3.8452454
LWAFIQH,2.9975884,3.9091904
LGIWARR,2.1394475,1.850007
ILALVHH,3.2035203,2.3347118
GAMLIKK,2.5442429,1.6203185
WGIVWRS,2.3898072,1.7274349
LWFLAHT,3.3363323,2.8004773
IWFWPRN,2.7592964,2.3064566
WVLLWRS,2.0894332,1.7811966
LIFMFKK,1.9697269,1.6964349
IIVWIHC,2.6728916,2.0556595
LWMAWRY,3.016795,2.1424325
IVFLFHK,1.8290336,0.7558632
WWMLFRH,2.44268,1.2396036
AGWWWCR,2.2017539,1.6256133
WVILFTR,2.63286,1.711665
VWAALRY,2.9035642,1.9774939
VGIFWNR,2.7782211,3.8983204
LLIMLRK,2.1480503,3.2359743
VGWWFHC,2.3580658,1.9285134
WFFGWKC,2.5274627,1.3849429
FMVMFRH,2.6821966,2.1101592
IFFIIHR,2.0855012,2.02681
WFPWAKR,2.061981,1.9708034
LGIMFKK,2.4346735,3.6722753
WMGFWKQ,2.3822184,4.0023284
LFLWAHN,2.8204103,1.2441062
WAVWGHR,2.5317569,1.9960631
LWWIMYK,2.4252992,3.2638726
IWIWIHY,2.666621,1.8236524
WFGMVKR,2.2308953,2.6222994
LPWIWRT,2.9321241,3.3035128
MMGGIKK,2.357409,3.8961298
FALALCR,2.8152304,3.8837867
IWGVWTH,3.241857,2.2597287
MFVMWRH,2.571517,3.8961952
VVALARK,1.9153168,3.868912
LWWIFTR,2.1768157,1.8311745
WFAWICH,2.6598952,2.3604143
FWWWFKC,1.6082002,0.72677135
WWGLINR,2.2185557,2.4099262
AILMICR,2.2859726,1.5558277
WGAMIKR,2.0858545,2.1404157
GAVWWKK,1.8504812,1.0468552
FLGGWRY,2.2670767,1.2573677
LWLGVKN,2.216308,2.5196943
WMMWMHH,2.6220458,3.8531039
FIWAWHR,2.3496432,1.2128571
LPGWWNK,2.7252302,2.142337
FFVWFKY,1.8555157,0.95302
ILLILHC,2.1766737,1.6572183
FFWPWRS,2.9931588,1.6315973
LALLVCH,2.7963974,3.7965662
LWLFWYH,2.4103487,1.0953041
MILIWCR,2.2157772,3.8971345
ILIIIRN,2.4664266,3.859446
GFWAIKQ,2.2693112,2.9019392
WAVAFHK,2.3254204,2.0442414
FAAIVKR,1.7979383,2.7943246
LVLFGKR,1.9234885,3.8765695
VIGFFKR,1.9836622,3.9122646
VFLFIKY,2.2281332,0.6367542
AVLLLCH,2.720701,3.850223
LLWWPKS,2.696583,2.0983775
IWFGLSK,2.8994658,2.1655824
IVWMARK,2.225501,2.4650857
LFFAASR,2.7362514,3.824701
AVWWAHH,2.583225,1.7087951
IAWLPRR,2.1690516,1.6554524
MLILIRH,2.61652,3.9006147
PAFFWRN,2.9102733,3.8976538
WIPAARR,2.6853504,2.2355082
FVLIFQK,2.3701794,3.9009047
GWFIVRN,2.6259167,3.8505104
LFPILRR,2.5174956,1.8533703
GPLVWRR,2.2700117,1.9524084
LWPFICK,2.3780863,2.2665007
FFPIWRT,2.5976686,2.0178413
FLAMLRR,2.157373,2.218147
VGPIVKC,2.736993,3.9408963
WVLFLKQ,2.0056188,1.2244321
MWIGGKR,2.2527852,3.8961475
IFFFVTK,2.7245083,2.3319528
IWLAWHC,2.5647182,1.4097074
FLGALRC,2.765267,2.2357934
IMMLIRC,3.0255442,3.8375003
LVAWWHY,2.8277273,1.4872895
FLGIWKR,1.8266959,1.0103956
VGILGKH,2.723343,3.0259347
WLWFARK,1.5771253,1.4602743
VVILLHK,1.934841,1.7799834
WAPWFHS,2.953398,2.3416607
PWAIIRR,2.4010675,2.0893562
FWLLWRR,1.089933,1.234587
VAVIVHC,2.9637694,3.873981
FVAFVRH,2.2525015,2.0883727
WMMGGKR,2.6676013,3.857371
AWWILNH,2.858577,1.6369973
PGWALKK,2.4558094,2.1507785
WALWVHK,2.2609165,1.1625675
LGALWKR,1.8444769,1.4761096
LFMWIKR,2.0168352,1.0564703
WGIWWHQ,2.3434618,1.7397784
FLIWATK,2.641458,2.0864244
VVLWWQH,2.4177895,2.4332693
AVFWACH,2.3059773,3.8984935
WIVVACH,2.956072,3.6252785
AVWAWKK,1.5796351,1.5694983
WLFFICK,1.8954412,0.91283
MMMIARK,2.4397955,3.8961408
WVVMWHR,2.7252336,2.285318
ILIWICK,2.1498055,1.5517762
IIMLICH,3.3082447,3.7075768
WFAIMRC,2.1661248,2.5349786
IFAMAKK,2.410273,3.914333
VIAIVHR,2.2653787,3.7128496
VIIGVRH,2.5017285,2.0782127
WMWLPKK,2.4407759,2.1410615
LMMLLHH,2.7381294,3.0189016
FGAILKK,2.0138903,2.3417234
LWMGAKK,2.3801148,3.924198
FFVIFNK,2.7168205,3.7426066
IFLMWRQ,2.7380702,2.2980132
IMAWWRN,2.4690619,3.8978283
WMVLWYH,2.5345402,3.9614646
MLLLVCK,2.2198627,3.8961084
WVWFWHK,1.6633071,0.985355
FFFWPKK,2.3579533,0.8490686
WFPPWKR,2.141852,2.0540287
IFMGGKH,2.7430782,3.8954623
IWMGVYR,3.0755284,3.8970215
FMLAIKT,2.7947812,2.1344225
LLGWWKT,2.06266,2.2859776
LLWMLNR,2.8464444,3.9120595
VVFWWNK,2.2515957,0.9733728
IIFPGRR,2.7698941,2.533185
IVLVIRC,2.3692496,2.1394691
WMVVFKH,2.5456545,3.2263222
IPWFAKK,2.640236,1.8713713
AFWAVTK,2.42121,3.916681
VAVWWSR,2.5750477,2.9928021
LFMMARK,2.533941,3.4339945
LLWAGNR,2.2361066,3.8672245
AVMLWKR,2.1993423,2.5356643
IFFAMKK,2.479255,2.371359
IWMWFRT,3.0773158,3.693571
MVLFGRR,2.469749,3.8961349
WIPWVRY,2.956735,1.92181
FWPLGRR,2.2265089,1.417055
AWILLKR,1.5557679,1.3353988
VVAWLKT,2.4219093,2.3252594
LWWFGRH,2.028682,1.6397289
MFVVMCR,2.8041625,3.8962038
IWIFVRC,2.4028783,1.8499416
IWFFLRK,1.5885888,1.1700112
AMWWWSR,2.5860786,3.8821042
IWIMFRR,1.9483681,2.830818
VIWVFKN,2.5045924,1.6484283
IWAWLRQ,2.2793913,2.0373552
MWWVARQ,2.6846251,3.8961253
WGWIMRR,2.3073897,1.7339338
GWMGWRT,2.6393592,3.7468593
WIFLFRN,2.353149,2.4975297
WVIFLNR,2.4603803,2.9491835
WLAFFHR,1.6445606,2.044457
IFWAGKN,2.2579274,2.287173
ALWVIYK,2.4829626,3.7046344
GVWMICR,2.3353727,1.822895
MAMWIKH,2.964055,3.90059
WVGVLKR,1.8221929,2.0870514
MIFFWCR,2.0672228,3.896797
LIWGAHR,2.239693,2.2324126
LIWFVRC,2.2686043,1.031238
VWAFMRR,2.127632,1.5224965
IFAFIRK,2.2315812,2.50029
VLFALRK,1.8396591,2.142289
LLWMLKR,1.9183443,1.6641506
WVFWFSK,2.4513998,1.0147632
LGFMGRR,2.5181031,2.5428004
WLFGAYR,2.6912332,2.6946895
IIAVVHC,3.109073,3.864315
WWWVGRN,2.066092,2.4116206
LWLLWKH,1.6766913,1.7193133
FLIWFKR,1.2986442,0.8620194
MVFALRK,2.2615154,3.8962243
VAWIAKH,2.2544277,1.4097644
FIWVWCR,1.9387782,1.1456932
ILFWFHT,3.0597644,1.3487325
WVVVWHY,2.6776328,2.3125305
FFFVWRY,1.944977,1.1128392
LVFWFKS,2.637912,1.6969182
IAMWVRH,2.8553064,2.000408
FIVVGRH,2.4415908,2.2076697
FLGAAHR,2.639916,2.492132
LWMVIKH,2.7777078,0.7549856
LAFGVRR,2.1620905,2.9704792
WLFAIRQ,2.4118674,2.3411477
FIVIMKR,2.1850717,1.8158499
FVFLMHK,2.5844598,1.6223
LVFAVKK,1.7976544,3.871056
LIFMWHH,2.6212783,2.015938
IWGFGRR,2.0369952,2.4528148
VWIIFRK,1.8013927,1.7217741
LWMLVRR,2.0638812,1.5687958
PLLFLKR,2.371736,1.6185802
FFPVFCR,2.436835,1.8362862
IAWWFSK,2.3400865,1.8961308
LWAWVRK,1.7994983,1.8176991
FLVAIKR,1.8255638,1.3149414
GFMWVRR,2.4475112,1.880859
WLGIARH,2.5037603,2.0713208
LWVAFRH,2.047569,1.7578491
FFFAIKR,1.8534356,1.4611236
FWFVFQR,2.2285128,2.8120599
LVVFLHR,2.0554395,1.9286743
IILFAKC,2.7781944,3.413986
PVWILRR,2.1582842,3.3490288
IFIVMKC,2.6770542,2.2111576
AWAWMRK,2.174722,1.8953582
WLIGWNR,2.5203815,2.1043372
WFGLMKH,3.0288687,1.9531182
MWWLLHK,2.1892838,3.0473564
PIGWWSK,2.9549592,2.2431462
WWIWWKR,1.268455,1.2047362
MFMIWKK,2.0764852,3.896494
WPFWWKY,2.735912,1.1891917
VWWLLQR,1.9402361,1.68012
MAVWWQK,2.1906784,3.8961382
FWAIWCK,1.8057768,1.1760422
IAALWHQ,2.9056406,2.0146413
VWWLLHQ,2.112507,1.2242757
LWVPLKH,2.7434018,1.3133365
VWIGLSR,2.7956982,1.9085084
GWGAVRR,2.1110775,2.5313396
IIIGLRR,2.113764,2.5396783
VWGGLCR,2.5136552,2.5163572
FFIMLTH,3.3897872,2.2709734
VWWWAHT,2.703587,1.7250623
FFVWFYR,1.9211854,3.0584254
FWVIACK,2.6388261,1.5612081
WMVLVKC,2.6915605,3.439388
FLIVFRK,1.6480584,1.3151447
IIIFWCR,2.1566362,2.5557048
AIWAAHK,1.9509931,1.4462277
IFFIAKR,1.6409686,1.4859298
IGMVLKH,2.8052607,1.9920653
IVAVWKS,2.4021158,1.9570907
LWIAVKT,2.7850785,3.4310606
LWIVIKH,2.2146013,1.0350813
LLGPLKK,2.2956874,2.4141345
AMVAFRR,2.2415018,3.905413
APWFFKR,2.0228372,3.9339612
VVIWLHK,2.204583,1.3692342
VWLFVCH,2.4922366,1.932782
IFVIVQK,2.3399122,3.8178215
WPFVLKR,2.4646952,1.5905188
WWPWIKK,1.8568276,1.8150092
PWAAIKK,2.575965,1.7882754
WWGLWQR,2.0745003,1.9270762
VIGVFKH,2.573968,3.85723
LFFFVQK,2.1328895,3.8930857
PVVWWRT,2.8727763,3.8592074
LVFWGCR,2.3218968,2.123112
AAIVIKR,1.93114,1.6612505
VWAVLKT,2.5932934,3.5368636
APLWWKH,2.516788,1.5257727
IMFAMRR,2.388201,3.8999715
LLGAWRK,1.8858397,1.8692044
MFIWVRK,2.0806978,3.8973753
GGWIFKK,1.8336861,1.8111495
GWIFGRK,2.113018,2.4478893
WWPLWRR,1.8247476,1.5040432
GLIWWSH,3.440374,1.8030802
VIWMACK,2.8726692,3.8963556
GAAPWKK,2.6739135,1.839374
IFLLITR,2.5459974,1.9072338
WMMVFRK,2.049672,3.7723553
GVFWMNK,2.9595041,3.8818476
VWLAAHR,2.0503352,1.3865815
LFIWAKH,2.340199,1.134183
FIGLWRC,2.1306758,1.6637789
FWFFPCK,2.2569923,2.090878
MAAIWCR,2.4077234,3.8982823
WLLVWYH,2.3487601,1.8796242
WVWFLHR,1.8392681,1.0915798
WIGGIQK,2.4181635,3.8684957
VAVLVCK,2.6966832,3.8834136
WLAAWNR,2.3016415,2.0752554
FWILWKS,2.4391112,1.1109039
VALWVQK,2.5550458,3.9002898
WIWLPYK,2.6443386,2.1954575
GLVLWRR,2.0608497,1.5953313
GMIWFRR,2.117748,1.4328421
VLGFIKK,2.1487086,1.8664124
WAAPWRH,2.7257102,2.1696424
WWAVIKK,1.6353233,1.7629265
LLWVWRH,1.8079481,1.1870028
IFFVMKR,2.1338365,1.3410871
LAWIITR,2.9379263,3.384462
PMAFWRK,2.3576512,3.4049718
VIVIARC,2.415451,3.897287
FAVVFKR,1.6293497,3.9464834
WIWALKN,2.3037293,1.3109369
FAIWMRH,2.7270312,1.82603
IFALIQR,2.706434,3.818893
FMIFARH,2.8605974,1.9862598
GFWWWKY,2.3616343,1.8915368
AILAAKC,2.7007413,2.2888603
WFLILRQ,2.1289468,1.7455773
VFIILRT,3.0330458,2.2439997
ILAWAHC,2.9566638,2.4343667
LGGLLKK,1.7526358,2.5770879
LFILVKY,2.4159348,1.1586827
WVWGGKY,2.937842,3.0155687
AIGIWHR,2.6730676,2.761483
IVLVFCR,2.3820891,1.9029096
ALIFAHH,3.100901,2.9402769
LFPLLKR,2.0508697,1.101983
LWWGLYH,2.6981564,1.8663985
IWLIFKK,1.4423543,0.5980907
VAAAICH,3.0505743,3.8753278
AILFGRR,2.0963423,2.4370615
WLLIASR,2.4356716,2.4582407
WVIWMKT,3.126218,1.3739233
IIFIITK,3.0471241,2.4441807
GGIFFKR,1.764183,3.5449474
WIWVWTR,2.503671,1.2295474
LWFLLHC,2.1931636,0.93303704
VPWIWCK,2.614658,1.7791566
LPWFLKC,2.3352735,1.1975306
WWMAIYK,2.4605322,2.295065
VVMFFKK,2.0269408,3.9208434
LFPIWTK,3.1576009,1.7706031
FWLWGTR,2.6111324,1.7257522
IMAWWRT,2.340466,3.9038916
MAWWIKC,2.244631,3.9000218
FPVWARR,2.3373528,2.1806104
LAGLWKC,2.2726192,1.5510713
FWLAICH,2.8193204,1.70305
WFLFAKS,2.8858938,1.6446304
FWVVGSR,2.6915042,3.7781923
IMLWFKQ,2.306269,3.9155822
VFWFIHY,2.5334897,1.9480242
LWIILRH,2.0246017,2.012387
FIWAWRH,1.9117615,0.8780979
GWWIARH,2.2272477,1.6330892
LFGGINR,2.3354998,3.9026635
LVILLTH,3.043372,2.7971745
ILIFFRR,1.5704063,1.370606
FVFFARC,2.2291303,3.7637975
PPWFIKY,2.8179681,2.281282
AFGGLKR,2.1170921,3.884472
WPGGFRR,2.3066907,3.6063306
FIIIIQK,2.4280543,1.9938995
FLIAWQH,2.9479225,3.8739824
FFIGWRT,2.1536663,2.0746791
AGWWFCH,2.491825,2.750064
GLAIWRN,2.5221221,3.8055317
VLFILHC,2.4244576,1.5491428
PLFWARK,2.3840926,1.9563378
LLMAFRH,2.5112379,2.887503
VFWFIRS,2.5978515,2.054346
IMFWLHH,2.5826201,1.9900659
WIIMAKR,2.095818,3.2507408
VVIWINK,2.7565336,2.8174107
IMLWAKK,2.1073854,2.4079816
WIWGFSR,2.9705188,2.1264474
WMFFMRH,2.5128365,3.7726896
FWAGMRC,2.2913318,2.0695336
WWFPIRK,2.4316213,1.904594
ALLLFRR,1.5941182,1.4291881
LWLIFRK,1.5772222,1.297321
IAPWFHS,2.7564375,2.4640737
ILWWGRQ,2.4799027,2.1712916
AAAWLQR,2.2859385,2.461576
IMFMMKR,2.3450031,3.8962102
WFMLVRH,2.5989892,1.5243787
IVIWWKY,1.9841952,0.6320335
WAAFVKC,2.5549126,2.9815855
LFWMLRQ,2.788119,1.6550378
GILWFNK,2.5020218,1.4137875
WFLALKN,2.1448681,1.417573
IIGVFSK,2.9600832,3.8889542
WWIAVKY,2.3321214,1.8097095
FWLAGRR,1.7821838,1.1320727
PWIIFRR,2.1606567,2.8598688
PFWFLTR,3.0607698,3.8759816
LGMIGRR,2.408572,2.366728
FVGAFCR,2.2322783,3.5674264
WVGVIRN,2.2464435,3.7667778
WAAMVKR,2.0030897,1.8728206
WGVAAKK,2.092375,2.2100704
VVWWFKY,1.8839943,0.74286115
WWPIFKS,2.6724613,2.3513935
FLAGWRC,2.2018585,2.5422773
VWWGVKC,2.457352,1.3454281
ILFILTH,3.3959143,2.1144545
IMPWGCR,3.334613,3.9092953
IFAMWYR,3.2598774,3.8980577
MWWMGRT,3.116936,3.8961325
LPVFWNK,2.8429332,3.9078782
GFWIASR,2.466931,3.6564074
WPALFRK,2.0603192,2.1607113
VVGLIHK,2.372838,1.7360204
FVLMWQK,2.4361088,3.8794034
VGMWIKS,2.7701197,3.9189863
LLGALKH,2.2015357,2.3776624
LLLIVKR,1.639844,2.516678
VMWVAKH,2.9082634,2.461735
VFWLWHT,2.6873095,1.4273044
IFFFFHT,3.0784917,2.0055149
LLAAVRC,2.023733,3.817785
MWAAIKC,2.9910114,3.8977218
IWILGRR,1.9453684,1.1996009
GIMFLKR,2.4078543,2.2872727
FLILARH,2.0891647,1.6043215
VFLIFCH,2.56561,3.8823824
IIMWWTR,2.957492,2.7800772
LFGVWRN,2.3383954,3.9323843
FIWFIYK,2.0111933,1.8041986
ILFLGKK,1.9142598,0.8528239
WLAVVHK,2.4573095,2.265006
FLFFWQR,1.9402555,1.8326356
AWVMIRK,2.248055,1.6120434
FFVWIKT,2.5922945,1.4065492
WIPGIRH,3.2604725,2.475059
FIIVLHC,2.658212,1.6315261
VWFAIKQ,2.7271714,2.1061776
FIILLCR,1.976144,1.5754687
WAVWVKC,2.1586475,2.0316088
FLIFIQK,2.2177582,3.9003327
FGFFAKR,2.078654,3.8980045
VVLWLSR,2.6784017,1.809203
FWGPVSK,3.0396776,3.8865383
AVFAMCR,2.4832866,3.8971717
LFWWWRK,1.4648517,0.79072917
AAFFMRK,2.2808218,1.890114
IWGALTK,2.363229,2.524018
LFVWLHK,1.8428648,1.4784094
MLIFLRC,2.6150734,3.8961391
VILWVYR,2.1849625,2.207127
GIWLLKY,2.0145116,0.9726895
MIWLWTH,2.8903382,3.9437778
WWAAMKY,2.6584504,2.1593292
FWFGWHS,2.8007889,1.8945376
FPIFAKR,2.9545293,2.213537
FAFVAHK,2.5520468,3.9009502
WFIFPRC,2.5716777,1.8579106
VFAWIRC,2.7341259,2.203584
VFWVVRY,2.1096842,1.9179398
AIWWAHY,2.6181624,1.1643463
LWMMFHC,2.9581923,3.755947
FALIACR,2.7264752,3.300183
IWAAPRR,2.488326,2.4353142
WFPFVCR,2.6706574,1.8651997
GGIFLKH,2.3324924,1.6863011
WWVLWHT,2.3916411,1.5003072
PGFWLKN,2.2157469,1.7584221
FGPLIKH,2.6047719,1.8700157
MIAAWRH,2.2472386,3.9013383
FGGLLKH,1.8586013,2.3094041
LLWFLRH,1.8630961,1.3048221
WWAWWQR,1.9089803,1.8006325
VFWWAQR,2.1002684,2.1319833
GAWWISR,2.6208959,1.7475055
IVFFVKR,1.6990644,2.9669719
IPWIVRK,2.4814632,1.9518422
IVMWWRS,2.4549828,3.8383324
IIMWIQR,3.1131392,3.777315
FWWMVNK,2.5639935,1.598962
FFVWGKN,2.4157162,1.7168931
IAFILKH,2.4247227,1.4776593
VLIFWHC,2.431584,1.7563133
AAAIWRC,2.237196,1.4600952
WAVWGKR,1.8786039,1.7013265
FMIILHK,2.5998466,1.7155689
IFWLAQR,2.2703393,3.111406
WGWWWYK,2.427632,0.7075206
ILWWPRT,2.7345097,1.8636738
IWIWGKN,2.395561,1.7384504
WIWIMKH,2.6014156,2.0976715
MAVFIKR,2.1229732,3.8961585
PGWLVCR,2.5411613,2.5656364
LWLFWKN,2.129093,1.4963579
LWGWWHK,1.7662784,1.7915179
AMWMFRH,2.6901276,3.9002447
WVWPVCK,2.6021993,2.3540466
IWFWFRN,2.2868042,2.0133488
IMVLIKH,2.5936842,2.5026815
LVMVWKK,2.081656,1.1743251
WIWVGKC,2.809106,2.0255976
MFLMMRH,2.6590087,3.8968453
FIGAWTK,2.6398494,2.6471484
WFWVGHK,2.466649,0.91715014
LVWAGKK,1.9609149,3.619877
WGIFWHK,1.8847631,0.8083281
FWWLVRQ,2.1669602,1.39215
FPIFGKR,2.514984,1.946411
GPILWRH,3.131945,1.8795171
PMVVWKK,2.7066987,2.546161
IMVWAKR,2.135783,3.8810313
WLLLWKC,1.7401721,1.0184627
FFVLWHT,2.9832275,1.7784714
FWLGPKC,2.5161414,1.6557957
VFFLFKY,1.9001312,1.2911564
ILFLAHT,3.3391924,2.7713358
LWLAFQR,2.4460607,3.501511
LIWWLNR,1.8885162,1.421867
LFIWMHR,2.4932709,2.045045
IIGAWYR,2.66982,3.4984539
IFVAFHK,2.3744156,1.9049802
VWWWAKH,1.847868,1.1876534
MWIWLRR,1.8302203,3.9073098
VGGWVCR,2.3507545,2.648795
IIIAWKY,2.8297966,2.274236
MWIGGRC,2.4461672,3.8961346
FLAIFRH,2.0588868,1.8194181
AFMAAHR,2.6069124,3.8658302
IWPAWKS,3.0035782,1.1267743
LLIFGKH,2.5278335,3.795223
WLPPWRR,2.060867,2.3833077
WMAFWNK,2.4971404,3.9759443
WWLPFQR,3.0357628,2.580673
WLWVASR,2.5631037,3.1958687
AWFMVCR,2.3600438,1.766374
VVWIFKQ,2.2774582,2.1536915
FIFVIKC,2.3606927,1.0817115
MFWILKK,1.8957238,3.935015
AGVWGKR,2.0473604,2.4346497
WPVIWRH,2.4285033,2.0414476
VWVFFNR,2.5602362,2.8185952
FVFVIHR,2.0249097,1.7770406
FFPMLHK,2.586768,2.1550076
FWGPFRC,2.5139186,2.0474308
PVWVWRC,2.84975,3.4741108
FLFFAQK,2.5255284,3.7444696
WWGLIRS,2.4098008,1.7590431
MMIILHH,2.940612,3.8965356
WLVVFRY,2.0069273,1.922227
VVVILRT,2.404084,2.9158018
VWGLWKC,2.287807,0.9902059
FGGFVRR,1.9250839,3.778102
IVILWRR,1.493268,0.8581431
FAGPLKK,2.617086,2.4324105
FGFFIRR,2.0150025,2.1909733
VLWFFRS,2.5748303,3.2762597
WVLGLKK,1.8939748,2.287022
IFLFIYH,2.8755724,0.86615646
VALVLKK,1.6489923,3.5771081
WLLIWKT,2.100137,1.7546319
MIWIVKR,2.1014633,3.8963463
VAVGWKK,2.0159445,3.4638338
LWILWKN,2.087865,1.546287
WMFLLKC,1.9656643,1.5550337
AAIFFRR,1.617024,2.6590428
IWLFFRN,2.3319924,2.3954785
WFGWLRH,2.0501428,1.6852846
IIIAIKH,2.83557,2.0133748
VWAAIRC,2.0921018,2.036167
FMFMIRH,2.5216708,1.8542271
WMFFLKY,2.4583967,2.182881
FFWIFQR,2.0740907,1.6459874
FWAAFRR,1.5004861,1.4780273
WAWFVKQ,2.5797336,2.2588494
IGFWGKY,2.4576092,2.361373
FIMLMCH,3.1533256,3.9260576
WVLPGKR,2.504942,2.0472505
VMWIMKH,2.8547623,3.9082968
IAFMWRC,2.8815014,2.2225804
GWFWWHR,2.2364564,1.672489
FAGWWSR,2.59807,2.189896
WLGPWRS,2.8275588,2.5117626
WAFFIKC,2.611536,1.4950289
AAIWICR,2.2217577,1.6802129
GLWAIQR,2.5766213,3.5320792
WLLFPKK,2.2248743,1.7884415
AVLVGRK,2.2056074,3.9110694
GIWIIHR,2.0973856,1.9237121
FPFFLKC,2.3916388,1.6508551
GIGGIRR,2.2140005,2.539499
VFLILKR,1.4965289,0.9980918
VWGFWKT,2.1241457,1.710361
VGIWINK,2.566853,3.9539096
VWVGAHR,2.2581885,2.4533913
IWLAGHR,2.2418435,1.7775402
IPGLFKS,2.6584897,1.9335409
LWIIMCK,2.3935895,3.8986185
LVWFLKK,1.609269,0.88387847
WFAWAHT,3.1369293,3.027394
WWWPFKC,2.0376217,1.7554036
WLIMIQK,2.114977,3.906716
FVFIIRQ,2.488625,1.78225
VGFVGRR,2.123983,3.8882048
WFFIWRR,1.3449607,0.57509476
FWVFPKC,2.4870884,1.6509467
AILVFRH,1.8972942,1.6281881
IIAVARH,2.370813,3.8050249
AWIAVYR,2.3972456,3.7609928
LWMAFQK,2.7595992,3.8974984
VWWWFHC,1.8878304,1.050044
FLGWIKR,1.8634702,0.93944013
LMWFIHH,2.7636054,3.3135774
LLVFARC,2.4515827,3.8549445
GWWFLHH,3.082285,1.2868102
LVIGGRR,2.036604,2.3975208
FIMLAHK,3.0583997,1.8885475
LAFVACK,2.6991372,3.8975394
LFLLIRN,2.2592654,2.418319
LMWWWCH,2.5217211,2.9868786
MIFVFHK,2.5842407,3.9003828
FIWPGKY,3.157335,1.901214
WIGGINK,2.5675662,3.5666864
VVLWFRR,1.4312122,1.6511289
GGWFLKQ,2.1427498,2.6720011
LAFLWRS,2.6240084,1.4388593
WLGPLRR,2.2879558,2.0235405
GVWIFKK,1.824035,1.6883116
IWLIIYH,2.833461,1.8346024
FLMVWCR,2.13537,1.686897
LGLWIKY,2.3337398,1.5349262
FLLWPKH,2.5573986,1.0923845
IVWAWYR,2.3551054,1.3241502
WIFIPCK,2.6993618,3.905707
IIFLVHK,2.3246171,1.8807626
MWPIFRK,2.212753,3.8983157
AVAFWRC,2.200096,2.650266
WWLILHN,2.2636232,1.3365915
LAWIIQR,2.4138794,3.4358628
LPLAGKR,2.610026,2.2040648
AWFLIRQ,2.4336333,2.3224642
LFIFGRH,2.3052862,2.011998
FFAIWRS,2.3477013,1.8406233
FFAMWQK,2.438623,3.8447561
GVWVAKN,2.4088862,2.3351839
WGVLLRK,2.2340891,1.7677816
LLAWFRH,1.9761001,1.5447893
FVMFMRC,2.7692294,3.906686
AFWVINR,2.2273443,3.90822
MMIWMKH,2.6899006,3.896321
FGVFWKK,1.7041911,2.153995
AIWIIRT,2.6581767,3.6619203
FIIFFHQ,2.5433145,2.0568807
PIFWITR,3.0984378,2.9975808
LWWVPSK,3.0034177,3.4913533
FAGVFRH,2.219599,4.017499
FIIVINR,2.6148856,2.1738803
IWPWWCR,2.2223094,1.0793875
LMWIGRY,3.0113194,3.8971217
VFGGFCK,1.9199213,3.8964028
ILWAASK,2.878499,3.273446
LMIMFRH,2.5410044,3.75337
WWILFNH,2.3059657,1.6746957
ILIVGHR,2.3931568,3.6314442
FMWWLRY,2.518809,0.7416051
LGVLFKK,2.0466564,1.3617704
WVLWLCK,1.9005316,1.208901
IMLWWKS,2.7340868,2.133874
PWWGIRH,2.4432852,1.8519689
AGFLLKK,2.0092332,2.491564
IGGMFRR,2.1672373,2.2587588
GILFVRH,2.6327925,1.6278248
VLAWVTR,2.8936534,3.2830198
AAIWVCR,2.2282073,1.703831
IAVFVKH,2.4018183,3.5147011
WWIGGHK,2.4861841,2.0474215
LLWFITR,2.3692982,3.492889
FLWALHK,2.166732,1.0345799
FLWWMTR,2.8075743,1.3876097
MFWLFHK,2.3536096,3.938907
FILAARC,2.2289684,3.8925934
FALFLTK,2.7716534,3.035959
WAVWFQH,2.4914057,2.6326234
WFVAIKH,2.3642347,1.6123587
FLFFIKK,1.5470513,0.50091136
FAMFWCR,2.5495868,2.0637305
VPAWGRR,2.5779254,3.8521814
WFILGTR,2.601209,2.6511621
LIWIWHH,2.4744484,1.2055436
PFWFPRK,2.3004138,1.9921311
MFVFWRK,1.5460184,3.8963375
GWWMANR,2.692634,3.900678
MAAMLHK,2.9082482,3.9017181
FWFIAHT,3.0814536,2.0387983
IGAWWHS,3.0817907,1.8633342
LMFLIQK,2.5031295,3.896106
FVGLVKK,2.2730334,3.9264982
WVFAGKR,1.8439028,3.8568068
FIMFFKH,2.518737,1.520126
AFAWLTR,2.4428408,3.8396292
WWLGFRN,2.0681088,2.5015814
WLVVWRC,1.9214773,1.8909026
FMIWMKC,2.7937062,1.8700105
MIFVWKC,2.1934326,3.9016707
FWMGLRR,2.0720823,1.7962316
WFLWANR,2.373486,2.5900707
FFAMFKK,2.1266506,1.4684793
WWAGVHR,2.2504182,1.946925
WVVLARK,1.7946789,1.7324563
MWVFVRC,2.615615,3.896641
LFLLICR,2.037521,0.94893324
LWPGLKK,2.0750885,2.1398418
FVVAWKT,2.7515721,2.6388075
LMMMGRR,2.5426395,3.6460989
WAFAVCR,2.8834386,2.7303407
AMGLWRK,2.2663536,3.506269
LAWWVQR,2.1752403,1.7196063
GVWFLRH,2.10898,1.4081494
WWLVPHR,2.8781292,2.1584852
IIWMICH,3.3151524,3.9142597
IPPWLYK,2.767248,2.256788
GGLWPKK,2.5315204,1.7211785
FMWLLHR,2.3542187,1.6083263
AALVICH,2.9581118,3.6653087
VWGPIYR,2.8456545,3.902471
FGWWWQK,2.0567162,1.6632621
FLVWVRR,1.6283402,1.1988487
VWMMIRR,2.1002195,3.280814
WIFIGKC,2.8443344,2.3566067
ALLVIRR,1.642771,1.7220069
PGWGWRK,2.6867175,2.7333944
IGAWISK,2.522054,2.071913
IMAWIKQ,2.9098682,3.9113448
FVIAWHR,2.4814713,1.8939873
LMLFLCK,2.4055,3.2510135
MAAFARK,2.2894614,3.89882
LVFVICR,2.381321,1.8088337
VVWLAHK,2.5008767,1.6710858
WIGIFRT,2.4931924,3.9194438
FILFFRN,2.4154341,3.5943477
VIWWLHH,2.5190248,1.3675351
WIWMFRY,2.777074,2.3241758
AFLAARC,2.2753894,3.904042
FLPGAKR,2.642907,3.780464
WMWLWCK,1.8675877,1.6737863
ALFIVCR,2.654527,1.6351037
LWWLITR,2.309536,1.7437682
PWAVWRC,2.6183996,3.8882341
WWIGFNK,2.3793929,2.617591
VWVPFRK,2.596254,2.274061
IVVFWKR,1.4098858,0.993683
ALLWIYR,2.387932,2.090004
WFFIFKY,1.861577,0.9603145
AFLFMKR,2.110614,3.7039242
IGPWVKN,2.6412835,1.9136178
VFGFWRN,2.2862399,2.7758825
FWVAARK,1.791898,1.5668083
WLAWMHT,3.279758,2.0627494
FIPILHR,2.949986,2.1189945
WLGIWHH,2.7680118,1.5112352
IPLFFKS,2.7172453,1.8669553
IILMWKN,2.7954345,2.1628869
PWAFLKR,2.5060577,2.1440346
GLFIGKR,2.08555,2.3983574
LAVFAHC,3.005011,3.8148847
MAWMMKK,2.2853441,3.896146
WFAAWKT,2.2478833,2.506962
PWLPWKK,2.5416906,1.9682933
LFIFWRH,1.8216082,1.3017275
GIWPAHK,2.8549604,1.7130488
AWLILQR,2.3058412,2.9973552
VMWLIKK,2.06755,1.7881699
LGVVVKK,2.2756886,2.122111
FMFLLCR,2.1995037,1.5463506
LWLLMRR,1.811535,1.7768091
IVPGFYR,2.7681131,3.897703
WMAPWKH,2.8443935,2.5309303
VIGVVKR,2.3205001,4.0492005
LLWAFHR,2.241749,1.6971713
GWMGFHK,2.4982095,2.0850973
IFFILTR,2.7703598,2.325177
MVMWWRC,2.6476958,3.8962953
AVFAIHH,3.292343,3.2065752
VLWIWRR,1.4140629,1.520288
IVAIWKC,2.1224813,1.3199242
WLMIFQK,2.2062457,3.9034917
WIVLFKN,2.4699616,1.6086318
AVFWGNK,2.252569,3.901219
WWVFPCR,2.3458998,2.2055476
ALIMWRH,2.5444653,2.2322683
FWAGVNR,2.318177,3.856045
LIALFTK,2.5613925,2.479428
GWAAWCK,2.3461936,1.7407871
VVLLVRN,2.281946,3.9065578
LLVAFKH,2.4189434,2.0176852
AWVAVCR,2.3343554,2.0129004
WIPLIYK,2.819104,2.004833
FVWWLHY,2.4419754,0.932243
GVWWGHH,3.1077437,1.9229941
VMAWWHT,2.7044952,3.8938656
VWLGLRR,1.7313718,1.5163635
FMLLWQK,2.2055573,1.948881
VGPWIKH,2.5133898,1.675478
WWILGRQ,2.6051104,1.6407322
WWFFLQR,1.9100999,2.2345488
ILFWWRK,1.3168647,0.50730777
LMAAVRK,2.414734,3.7407029
WMPWIKN,3.0150616,3.195828
LWIVWRH,1.8468677,1.6590325
AGWGARR,2.2137957,2.6730535
VVVGGRR,2.0398107,3.8977766
ALWFVYH,3.0535035,3.749428
LAAFWTR,2.4487212,1.7900922
LIWIARH,2.057812,1.5278395
LIVLAKC,2.6625097,3.988055
WVFLVRK,1.6222924,1.0111102
AWMAICR,2.4256616,2.1848116
IIWMWRQ,2.9033089,2.3401682
IWWFARS,2.6866574,2.3529923
LGPWWSK,2.801691,2.2538807
FLFMIRC,2.3138797,1.2638632
IWGGWCK,2.2715733,2.3297977
WWIIISR,2.848635,2.2212842
FGGIWQK,2.3738973,3.9030821
IWVAIRT,2.7827082,3.8218129
WFLWFKR,1.2148805,0.99005306
LFMIIRH,2.6296477,1.6928937
WWFAWYR,1.9240494,1.8523442
LVWLGSK,2.6507921,3.7457592
IFLAMCR,3.0013332,3.5817108
IVGWLKC,2.551386,1.7905841
AMIWACR,2.2247753,3.9060977
MWWLVKC,2.1648962,3.1755245
FFAGINR,2.379016,3.9105518
WFLFGRY,2.5301027,1.545689
LAGWWNR,2.423991,2.1979182
ALMMFKR,2.2806017,3.6386287
WWVLANR,2.510725,2.4833
WFPAVRH,3.0926726,2.1395416
WGWAIRR,2.030671,1.8937434
WWMLLYK,2.4069672,1.8964132
VAFLLRH,2.0725858,1.7673801
GWIIWRH,2.9364302,1.8752149
AVWWVNH,2.438169,2.2530613
VAWWPHH,2.8883572,1.6216811
FFFGLKN,2.2438133,2.6782439
VVWVMHR,2.699411,2.010387
AFVMIKK,2.3219051,1.8210367
IGWLVHK,2.99073,1.8685154
LAVIWKT,2.7022967,1.7013041
VWLIIRN,2.46883,1.8690599
FLLIFRC,2.1056724,1.6209775
AMWFAKT,3.0084069,3.9000356
WVPAWKC,2.642813,1.9893616
FFIVIKH,2.311156,1.1065186
MGVWARR,2.4185903,3.8961236
AWFIAKK,1.6458467,1.8065989
WMGIFQR,2.571141,3.8987746
IWIWFTH,3.0186763,2.0284739
AWWLPYR,2.526497,2.1772816
WVLMVRH,2.7660985,1.7433687
FWGLIYK,2.8562872,1.5977448
GPWWIRT,2.7392957,3.9591196
IGGLITR,2.7659738,3.6539834
PWMWMHR,2.9718568,3.670334
WIWIVRT,2.5848796,2.0188854
MFAAVKC,2.9891574,3.8961222
AAWVAHR,2.1007001,1.7233028
WLVWLTR,2.2393622,1.9958199
VMWIWCH,2.9467103,3.7970104
IVGWFKK,1.7931056,1.0085262
VLMLLCK,2.230964,1.3284782
LFAWFTK,2.5952177,1.8529807
WIMAWRN,2.9860396,3.9080842
IIMWVTR,3.6031091,3.3831465
WIWWWKN,2.1393442,1.5118612
ILFWVKY,2.095984,1.0780951
LWGPLRK,2.7555554,1.9819278
MIWLWYR,2.3900633,3.9027803
IWWGLKH,1.8272841,0.8749413
LVVAFKK,1.6665419,4.0207863
FAFVARC,2.1366234,3.898064
GIGLVKK,2.3174922,2.654083
FIGLWRR,1.8048321,1.632763
WWGGLKT,2.0616438,2.3843982
LFFAMKK,2.2554054,2.0099425
WWLAIYR,1.7399104,1.8095182
GFGLIKK,2.1063194,2.7199337
AWIWIRK,1.6983103,1.353947
IFMVARH,2.7883394,3.9321225
WFFLLSR,2.52885,1.0891262
VWFFFCH,2.070266,2.3273318
WIVVAHR,2.2145154,2.0217597
WWGFIRS,2.4302592,1.9081777
IWGWVKH,2.6175349,1.928367
WFLIIKR,1.6472318,0.94884944
PLWFWNR,2.9674292,1.9525954
WIFWAQK,2.3697386,3.0019102
LLGPIRK,2.7600296,3.5671618
LLMAIKC,2.8008382,1.8264159
IPGPWKR,2.7049305,2.4293082
FFLWVKC,2.038159,0.8560626
IWPVLRR,2.2462091,1.2754245
AFWWPKC,2.0500379,1.6005701
VAFWWHC,2.5356321,1.5139629
VLWLWTK,2.2717352,1.672949
IILLLTK,2.5090582,2.1540463
MLGPWRK,2.4930887,3.8962622
LFFILRN,2.3413365,2.1930764
ILVGWKS,2.9400876,2.3022935
MWAGFRH,2.5698237,3.8969874
ALFLGHK,2.078507,2.8907602
AILIFQR,2.4047298,3.8899233
LLFLLYH,2.5855577,2.6777775
VVPWFHK,2.6164732,1.9949208
IAALAKR,1.618799,1.9461883
LAVALHH,3.2273202,2.374109
IAFAARH,2.177704,2.1140509
VLFILYK,2.1966858,1.8937515
LLLLLTK,2.5023873,1.2330424
LMFWIHR,2.4401333,3.820679
MAMWLRH,2.7387245,3.8981035
ILVALTK,2.721325,3.765661
WFLIVHC,2.3373413,1.2149622
IAIVMRR,2.4406235,3.1175487
GFIGFKR,2.2274435,3.885937
FFFIFKQ,1.8991027,1.4775158
PFWMIRR,2.1324425,2.457871
ALWWIRC,2.014566,1.5845095
IAAWPKH,2.8985806,1.1100501
FWVLLRC,2.0450876,1.2370902
AAWMLCK,2.6623142,1.5919553
FPPILKT,2.753762,2.012334
AIWAVQR,2.2306457,3.8247755
WLFFWHN,2.15916,1.8092455
VLFGVRR,1.8984478,2.4901416
LLVWICH,2.3937643,3.7119648
MVGGWRR,2.0887218,3.8961227
MVFLWHK,2.369123,3.910889
LIFLFHQ,2.4307141,1.9941562
FLFLLKS,2.6600137,1.2272438
WPIWAKS,3.1961343,2.1643443
VFLFVRC,2.4043674,1.2382598
IVGWWKS,2.3769596,1.7852346
LLIIVRC,2.3632867,2.355016
PFWIVRH,2.664359,1.5498505
WWILFHR,1.6728499,1.1506882
FLILIRK,1.7084155,1.4800596
FAPAWRR,2.3946555,2.0935686
ILGLGKR,2.0029733,3.531797
VFWMIQR,2.7033706,2.2207315
MPAMWRC,2.8263462,3.8963335
AWVIIKC,2.947538,1.5032109
LVPMWKR,2.4700642,3.9647462
WWGLFKR,1.4986227,1.3773545
LLMFFCR,2.1652646,3.8994439
AIGLVKR,2.4613962,2.318338
LIPVWRN,2.7142835,2.0707252
FIAGLRR,1.9430507,2.643389
VWWMFKH,2.26699,1.4942853
PFWIAKC,2.3903682,1.8208026
WVAFFKY,2.2184715,1.8466134
AVAIMCK,2.8880677,3.8978379
VWVVFYR,2.0934372,2.7689843
AVWFGNK,2.2970836,3.9034152
IWVILKC,2.1472175,1.2701092
GFWFGNR,2.3578565,3.9033267
LGIPWKC,2.6146457,1.6607975
ILMWWRY,2.439289,2.1100564
MMVLLRR,2.215819,3.8964067
LGLWLKQ,2.0777662,1.9869345
AFLWFQK,2.1289947,3.9132166
GLWAVYK,2.5589156,3.8462815
VMMWWRH,2.6072986,2.472276
FLAAWRN,2.2756171,3.90091
VLAGWKK,1.8654011,2.290724
VVGFWCK,2.2103226,2.1305106
LVWILHC,2.4353755,1.0253143
IMWWVKN,2.2700782,2.709914
LWLAACR,2.6020365,3.1748924
MMAVMRR,2.4260159,3.8961246
FVAIFKR,1.474964,1.3957828
WAFIFKC,2.5601616,2.0424166
FVVWGKR,1.8733865,1.7828571
WLIIIKQ,2.1230419,2.1771598
LWVFIQK,2.0031562,3.906856
VVMVIRH,2.7899272,1.7970887
WAIALYK,2.6631181,1.9007226
LLILIQR,2.0608919,3.2029226
WWPWWRY,2.564124,2.2240086
ILAAMKR,2.2277033,1.6349928
IFMVVCK,2.6582215,2.76182
FWGGWCK,2.2715733,1.5680487
IAAILRH,2.2781236,1.8043137
WIFGLKY,2.8375483,2.1233532
LWLILHY,2.325189,1.2391024
LVFAMRC,2.492624,3.8900492
WWIPWRK,1.9191264,2.090859
VLAAVHC,3.0406544,3.535141
GFMAWHK,2.810735,1.973195
VVFWLRY,2.0047038,1.1743103
WWLIIKS,2.5584333,1.8715813
IMWGFRR,2.01819,3.873524
LGGFLRR,1.9032404,2.405833
ALMLGRR,2.2164512,3.5698216
LWPIFCK,2.2512019,2.2878153
VWVFMRC,2.5349374,1.3968811
VWIGWRN,2.1798918,3.0227
VFFFLKY,1.9883488,1.2217113
PFWILKR,1.8648285,1.5464879
AAGWWRS,2.5721982,2.264543
FFWPLKH,2.412201,1.0150408
FIWFFKH,1.7283852,1.3330866
LVWWGRT,2.5028987,2.7190578
FVGFWHN,2.399753,3.865066
WFWWFKQ,1.7657813,0.94800675
WFVFLYK,1.9076706,2.7263496
PFWIVHK,2.8493898,1.4151589
WAIWWCR,1.8005159,1.699869
LWFWVRT,2.4184797,1.6180178
GMWVWKK,2.1009223,1.6736215
IVWAVRY,2.9360626,1.9926306
GLWAWKR,1.9023868,1.6014128
FFLLVCK,2.1508687,1.6542783
ILLVWRH,1.8798934,1.4052185
IMAWLCR,2.8340461,2.7535121
LFLAIHH,3.3364925,1.1621559
LWVLVCR,2.1359663,1.4612235
VMLWAKK,2.1897879,2.4126236
MWWMFRQ,2.8671377,3.8963332
IFGLWYK,2.120378,1.4316763
LGMWWKH,2.7024758,1.8158299
WLMFVHH,2.864657,1.8975323
IPVWIKR,2.2149026,1.8247017
WWVGLHR,2.143766,1.6556082
MLWWVKQ,2.227378,3.8972418
MFLWMKK,2.1425626,3.9037337
VGFWFRY,2.6835434,3.1386874
LGPILKK,2.5977602,2.0966713
VLAFWSK,2.5081375,1.6602522
AWFVMRK,2.1819823,1.7707595
FAWWFCH,2.4142861,1.9565057
LIFIITK,2.9158356,2.1208217
LVMFLCR,2.6904125,3.8877952
VFVILKT,2.6024637,1.4203694
LMWGLRK,2.1930404,2.168682
LLLFIRH,1.8918289,1.8096792
WAAAAKC,2.6552358,2.6248212
AAWVIKK,1.6871064,1.4488943
VLVVIRC,2.3772311,1.7870834
WWVWIKN,2.313633,1.0993823
LWWPISR,3.0752113,2.1540504
IFFAGHR,2.5384877,2.530608
WWIGMYK,2.809922,2.1004646
ALWWIKC,1.7865914,1.2732545
VALWIRQ,2.496964,3.8485324
LFVVIHR,2.0584767,1.6334914
FVPWFHR,2.3003626,2.6051486
VWAWIQK,2.6396668,3.8703933
IFWWGHK,2.005205,0.7591384
FFLAFRQ,2.3744364,2.1861327
FVLVAHH,3.3170447,3.8260143
WAWIIRC,2.7188787,2.1177862
GPWWLYK,2.6618564,3.152417
LGPMWCK,2.8512237,3.9007382
VFFIFYH,2.7266827,2.0232012
FVFWLCR,1.8437763,1.2125775
GWPVIHK,2.688431,1.6713747
LVIWWKH,1.7902677,1.4754204
WFMVVHK,2.5976486,1.748962
MMVVLRH,2.8477466,3.8937948
FAFLLKC,2.4792602,1.0667192
LFLWLHK,1.7525641,1.066248
MWLAWRK,1.6643218,2.152464
FMGGFCK,2.493992,3.8000524
FGALIRR,1.9265712,2.716468
WAIIMRH,2.803563,2.5508747
FIIIICH,2.7452805,2.0034425
PIWWGTH,3.234106,2.0907395
VWFFIRS,2.6202958,2.0098627
WLVALHC,2.9192843,2.4009612
GMWLWRC,2.4540207,1.8661181
PAIWLNK,2.6353383,1.4403728
IMVVWCK,2.5182796,3.82467
VVWWWKK,1.4127266,1.2014902
LFGIIRN,2.7246063,3.9380977
VLIAVKC,2.753494,3.9913824
MWIMMRC,2.979989,3.8969905
WAWFIRY,2.3921802,2.320937
AFMWVKK,2.1889787,1.5051204
FWFGLKS,2.696735,1.8687868
VAFWGKK,2.0547678,2.0431237
VWVVLKQ,2.2842898,2.2211165
WLIVWRC,1.8237792,1.4476396
WWMGWHH,2.5660086,2.0845633
WFPAWRT,2.6589303,2.4127643
IFVLWTR,2.5386293,1.8772315
WIAMVRC,2.291736,3.8848588
FPFWAKY,2.5814402,2.7369857
FLIIICR,2.387134,2.1123273
IVVILHH,3.0022182,2.1151266
LPWFGKS,2.7642505,2.6356645
IVIALHC,2.8844185,2.3929741
FGGIWTK,2.5609422,2.2067375
FIWWLCR,1.8389393,1.1443751
APWPVRR,2.6754296,1.6739041
WVVIFNK,2.616897,3.7604048
LMWMAKH,3.1503263,3.4414551
FLMIGRR,2.333765,2.251746
GLIPWKK,2.5322394,1.3688334
LMFVARK,2.376791,3.8959765
FVLVVKR,1.7686844,2.0464103
IWIVVNR,2.48277,3.8265727
LGAWVKH,2.3912654,2.305702
IPWWPKT,3.0225127,1.9775115
FAAMLRR,2.3485804,2.0840101
LALFFHH,3.2806528,1.4201151
VFMFGRR,2.2501552,3.8940318
IWLGGRR,1.7821838,1.7667689
IWFVVRC,2.3807168,0.90137964
WFGPIKK,2.2547371,1.9563905
LFWFLSR,2.5179691,1.1233569
VAFWARR,1.7961574,3.870413
IILWAKQ,2.3265555,2.3949738
GFWIPKN,2.7998607,1.7896248
WWWVGKQ,2.3307333,1.8815602
WWLWMKK,1.8299894,1.2775606
FVLWGKY,2.066159,1.167857
MVLFLKH,2.6155477,3.8988814
WWIVVQH,2.4343383,2.3422556
IIWILSK,2.9156914,1.9970812
LPWIVKK,2.705156,1.3174008
FIILFNR,2.4327352,1.9631327
WIPIWKR,1.8880672,2.120673
IAWWWQR,1.9569149,2.0346353
WWFFIYK,1.8356345,0.93233407
WLGVIHK,1.9542279,1.6776247
MWIVFHK,2.5951684,3.918852
GIALVRK,2.399191,2.084271
AWWIFKH,2.1282487,1.3293749
IMIWWRH,2.4411147,2.0619814
ILVWAQK,2.6548378,3.9099598
FVWWFHY,2.4414706,1.4873978
IFIWVRY,2.2311585,2.5565207
MWVWFKC,1.9296571,3.902702
FAWFARH,2.0912137,2.4930828
PWFWPRR,2.2930052,1.9350165
GGVGWRK,2.0556884,2.2052395
WPMLWKR,2.4879065,2.0720856
VFWFGKQ,2.3731258,3.0658166
AMLWAKR,2.1667087,3.8371336
VLWAWNR,2.5218263,1.5328065
FFIAIRT,2.3428628,1.9891473
LIWLFTK,2.5081336,1.4757046
VWMWWNK,2.650887,1.6379302
FWLWFRK,1.4336526,0.90555435
IFWAVKN,2.4483502,2.0445943
GPGWWRR,2.1675339,3.9130828
GVLWARR,2.0166216,1.8679124
WVGWGRH,2.337992,2.0038002
LVWPAKK,2.6429808,2.074777
LAWFGYR,2.333793,3.4765437
WWPLWHR,2.394471,2.1016314
WIWAVRC,2.0188773,1.9562589
WFGWFRK,1.6606127,1.8367492
AFAAVRK,1.866438,3.914747
IWVMLRC,2.6877203,2.5717938
LILFFKN,2.3629513,2.4787312
FAVIVRR,1.9805841,2.1105165
AILFWKY,2.2523525,0.6666198
AIIVIRK,2.0037115,1.7101496
WAGLWRY,2.3727887,2.4323838
VGVFWRK,1.7083178,1.9605616
MWFVIHK,2.5142486,3.8522081
LMVFAKK,2.2631676,3.8990052
IWWPASR,2.892236,2.2139175
WFWAVTK,2.4544606,2.3664057
MFWFLRH,2.4891193,3.4559743
FWAAIKH,2.317516,1.5100168
FFMWVKR,2.0967503,1.0248991
LGGWFKQ,2.2870135,2.5342414
GWAGFHR,2.4436474,2.1114616
LWFMAKH,2.8576221,1.6629021
LFPGFCR,2.4181204,3.900369
WLVFACK,2.608551,2.9970138
VILMLHC,2.9870193,3.7456715
MLIAWYK,3.1684344,3.8961377
LMIMWRR,1.9891351,3.4926913
LMLWVKR,2.0759249,2.0352204
WVAALYK,2.4421937,3.7103946
VWIGVRY,3.0199492,1.9884726
FLLWLTH,2.8993473,1.9005021
FALWARK,1.9254555,1.7522479
MMWALKR,2.3122268,3.8964536
WIVVVTR,2.913247,2.0501862
LFFLFCH,2.1714466,3.4292247
LAIFWKY,2.3924356,0.93842256
MWFAARK,2.2251744,3.8965135
WAAILKK,1.6349021,1.9622353
WLMFWKR,1.8202152,1.3599814
IIIVWKK,1.735201,1.4696577
ILVWWKK,1.416666,0.829082
WIIWMRY,2.9052067,3.5577927
IWIGVKH,3.0534563,1.6958491
FVVILKQ,2.1421762,1.849248
LFAMFCK,2.7036235,3.7826045
AMILVRR,2.2105994,2.7530189
LFAGFRT,2.4914143,3.8825085
IWMMMKN,2.988476,3.7912285
FPLGIKH,2.7893984,1.7200953
VFWLLRY,1.884641,1.005834
FVGWIKC,2.299211,1.6945013
MFWVWHR,2.428098,3.8963277
AWWAVRN,2.1972249,3.773944
LWFAGSR,2.5882058,3.764965
GFWMFCK,2.8133411,3.913257
ILIWAKH,2.3656776,1.1913685
WWFLVHT,2.8970397,1.8725494
APWIARK,2.7334883,3.8900115
FWMGAHR,2.647284,1.8963593
WIIFFCR,2.02301,2.3993375
WIGLLHK,2.2677667,1.8302437
WGIFIRR,1.9667549,1.6218189
WFWVVHQ,2.0976837,1.8840075
WVWLMHH,2.5738912,1.7505803
WWVMICR,2.011401,1.1191214
FLVFWTH,2.9791002,2.1614125
WWLGWHY,2.5165298,1.8421363
VPAIWKH,2.760016,1.7023364
FAMWLCK,2.6573548,1.6950215
WLVPWKS,3.2237034,2.1683948
AWFLGRC,2.637458,3.7346616
WMVVWHH,2.7331166,3.3154788
AALAGRH,2.4030077,2.3919597
AMMGAKR,2.5178146,3.897076
LWWVIHT,3.096619,1.4806057
VPWIAKY,2.6566238,3.903756
WLWFWRH,1.769166,1.3381637
VLVVAKR,1.7576156,3.9128344
LLFLMKR,2.009159,1.1484284
PVPFFRR,2.4080694,3.892487
FIVGGKN,2.3492844,3.8985064
VWLAIKQ,2.5441666,1.8126554
WFVAWRQ,1.9836302,2.4270754
IGWWACR,2.4827209,2.4614596
FVWFVRC,2.0988705,1.1148396
LVAWFYK,2.5026858,1.8558723
WAAIFRQ,2.243394,3.2178442
AWAALTR,2.485063,3.861011
VIWWPKS,2.7395678,1.9133322
ILFLVHK,2.1288462,1.0274957
PIPMWRR,2.4159367,2.2720637
VWVPLRR,2.6437724,1.9157346
IAMLMRR,2.4143753,3.9259818
APIWLRK,2.4983408,1.4370955
WMPWVSK,2.7887723,3.8201702
IPIWAKR,2.1953342,2.057231
ALAIWHK,2.3577204,1.1265869
LWLWFYH,2.4103487,1.3282212
PGFLFKK,2.7626958,3.945431
FWALVCR,2.5394444,1.6650318
WLWAIHC,2.6955006,1.315811
LFWFFKC,1.6371754,0.76981384
IIPGLCH,2.8638544,3.7873316
VIAGWRT,2.3467684,3.8962703
AWFWLKQ,2.1423173,1.5720369
IAIFWCH,2.9662402,2.4745886
WFGMWRN,2.3434968,3.8409388
LMVGIRR,2.361743,3.5695455
WAPMWCK,3.0700068,3.2743528
LVWIMHK,2.7535672,1.9852327
FFIVGRH,2.3461118,1.3872423
LWWVMKH,2.378575,1.8124114
VAVIWHK,2.5242012,1.704294
VFWPIRK,2.4595513,1.6044265
AFLILKT,2.5871463,1.6236342
GWWVFHH,2.7461076,1.8547373
ALMFWRH,2.5687041,1.6352077
FFLVAKY,2.4170716,2.1620378
IWWIIRT,2.6926894,1.8248713
WWAGMRK,2.0688703,1.7561412
WVFFIKR,1.4300257,0.8791147
LMVLWCR,2.3298323,3.5905302
LLVWFQK,1.9174359,3.902239
WIMLWKN,2.4803789,2.0905774
GFFWWKK,1.8101785,1.628399
WIGGVRN,2.4533806,3.9259002
WWAPWTK,2.887627,2.1307786
AILIVCK,2.589222,1.7501334
IPLVFRK,2.3922331,0.8392409
WWGMWRN,2.3249137,2.0540044
FWAAANK,2.3919876,3.0916393
VAWIFRR,1.532169,1.7396997
IVLLVRT,2.208233,3.7810543
VPGWVKC,2.6421423,2.0657978
ALFWWNR,2.150996,1.7899768
IVMLMRR,2.3319879,3.9144833
WAVFLTR,2.785946,3.2899296
IFWLPRH,2.6442728,1.1438527
ALWAVKR,1.5771183,1.6175206
LFFVFQH,2.4215295,3.8368242
ALFMLHR,2.612763,2.0209486
FWLLVKN,2.30784,1.5237315
VLFFWYR,1.9604635,1.2719067
WMVMWKK,1.9362926,3.2291138
MLFVLRK,2.272448,3.8791482
FMFWGRK,2.3491306,1.1227906
AGWWWKC,2.1677637,1.4514426
WGLLWKK,1.8892099,1.5302204
ALAWFYK,2.665517,2.9180496
FVLIVRR,1.7459004,1.6924746
LLIWMKC,2.2117121,2.7240229
GIWGPKH,2.8312097,1.8637339
FAPLICK,2.478299,1.9127783
LFGIWTK,2.518978,1.8944601
FFLVFYH,2.5667512,2.9174428
FLIFWRQ,2.2253013,1.9283847
VLFIVHK,2.2483234,1.2117277
FWMVLRK,2.0698252,1.2900336
WMFMWKR,2.0167966,3.910332
WLGIWCK,2.0168767,1.6858321
VVWLGYK,2.3824747,3.0647085
IWWIGRQ,2.4208057,2.1001785
FWMAWRH,2.1505167,1.581504
VFAGIRN,2.6653044,3.8955033
FIPGVKR,2.978328,1.9476074
LWAIIHR,2.242068,2.053694
IMMAWRC,2.7915947,3.892278
WLFAACK,2.642637,3.6737394
WFAFISK,3.0055137,3.2743354
LFIIAHT,3.3284268,2.297324
WAFIFRH,1.9120046,1.9985613
IWALWCR,1.8965614,1.7810913
IMWIWQK,2.307145,3.6401646
PPPMWRR,2.724044,2.3475983
LWPGGCR,2.3346007,3.8816824
MLFWWKK,1.6920384,3.9128563
MIGLVRR,2.439255,3.8969984
ILAPLCK,2.6051433,2.358576
WIIVLRQ,2.395942,2.305191
WFWVWHT,2.8071523,1.6923454
FIAAIHC,2.8881366,1.6116289
MFAGWRH,2.6322188,3.8980591
WPVAIKH,2.9884179,1.7304407
FMVALKR,2.1138165,2.0676517
FALIFHH,3.5716789,2.0366774
VFVVFCR,2.4293802,3.8518102
VWVFIHR,1.9198884,1.7594532
VVWIISR,3.184197,2.1155984
VFMVMRH,2.5649076,2.0590596
LFFALKT,2.5333867,3.3899238
LVAFICK,2.6455808,2.331742
PWIIWKH,2.8755348,1.6903872
GIIWFCR,2.582351,3.6413848
FLFIPKK,2.4602222,0.6896337
WWWWGRR,1.62325,1.1621567
GFWMFKR,1.9752123,2.5329726
WWGALTR,2.6533625,2.5238328
LILWLRC,1.9449413,1.3091308
MVMLIRR,2.3921008,3.896169
GGLWLKS,1.9515998,1.6574289
MWFIIHK,2.4518278,3.8548515
WLLFWRR,1.089933,0.8662679
GILWGKH,2.6348584,1.9078954
PFALFKK,2.5721447,2.1498063
PWWPIHH,2.8349452,1.8625065
IWWAGNR,2.3474302,2.2656863
FILFVCK,2.2593174,1.3864127
VFIWMHK,2.6065223,1.3750823
WIGIAKH,2.4513695,2.2163708
LILLARR,1.648136,1.4266678
FVLALRC,2.3569689,3.9002748
LFIMMKR,2.2717047,1.8126098
AFWLWRT,2.2275531,1.5133499
WIIVVKH,2.557061,2.0173092
WWWVIKK,1.5017604,0.93727744
WWFWIKH,1.7769527,0.6064161
IWWLPNK,2.9494915,2.1206632
AMFFMRK,2.4208272,3.90695
APLLVKR,2.820183,1.3222818
